{
    "mse": 34264.41727970494,
    "rmse": 185.10650253220425,
    "r2_score": 0.95723575575757
}