{
    "mse": 17230.256593610888,
    "rmse": 131.26407198320067,
    "r2_score": 0.9784955075898708
}