{
    "mse": 16325.16584954546,
    "rmse": 127.76997240958245,
    "r2_score": 0.9796251203109866
}