{
    "mse": 15640.117281491339,
    "rmse": 125.0604545069757,
    "r2_score": 0.9804801059377098
}