{
    "mse": 16019.214591783402,
    "rmse": 126.56703596032975,
    "r2_score": 0.980006967584396
}