{
    "mse": 36114.79850380861,
    "rmse": 190.03893944086462,
    "r2_score": 0.9549263584033636
}