{
    "mse": 16924.18884337631,
    "rmse": 130.09300074706675,
    "r2_score": 0.9788775002535405
}