{
    "mse": 16019.214591783411,
    "rmse": 126.56703596032978,
    "r2_score": 0.980006967584396
}