{
    "mse": 17004.580103625605,
    "rmse": 130.40161081683618,
    "r2_score": 0.9787771666783276
}