{
    "mse": 16662.443404780774,
    "rmse": 129.083087214324,
    "r2_score": 0.9792041757599139
}