{
    "mse": 15627.663005755372,
    "rmse": 125.01065156919778,
    "r2_score": 0.9804956496921852
}