{
    "mse": 16096.215706963636,
    "rmse": 126.87086232450552,
    "r2_score": 0.9799108651329921
}