{
    "mse": 15776.725137546659,
    "rmse": 125.60543434719159,
    "r2_score": 0.980309610357
}