{
    "mse": 16191.159606925157,
    "rmse": 127.24448753060054,
    "r2_score": 0.9797923689071804
}