{
    "mse": 15890.439237634817,
    "rmse": 126.05728553968952,
    "r2_score": 0.980167687688061
}