{
    "mse": 34539.69424038809,
    "rmse": 185.84857879571769,
    "r2_score": 0.9568921920224897
}