{
    "mse": 16194.159492716462,
    "rmse": 127.25627486578594,
    "r2_score": 0.9797886248525935
}