{
    "mse": 16116.975139963291,
    "rmse": 126.9526492041946,
    "r2_score": 0.9798849559965288
}