{
    "mse": 17169.708877427573,
    "rmse": 131.0332357740874,
    "r2_score": 0.9785710751181917
}