{
    "mse": 35674.10300829996,
    "rmse": 188.87589313700136,
    "r2_score": 0.9554763753393771
}