{
    "mse": 16661.858677291297,
    "rmse": 129.08082226764478,
    "r2_score": 0.9792049055382426
}